ids,distances
345,5053.527067312698
346,833.4536727851803
347,54.0
348,233.89262845004964
349,216.577545422166
350,465.37141622020306
351,4861.208960814212
352,1978.7539437221517
353,5931.533868499509
354,708.8655085385715
