ids,lifetime
353,-1.782771991343E9
351,-1.782771991343E9
345,-1.782771991342E9
347,7.545
349,32.654
348,44.398
350,64.789
354,75.876
346,81.295
352,89.412
