ids,distances
180,12514.075815287651
181,12101.179629005697
182,11662.34744748758
