ids,distances
180,12926.772807632515
181,12685.737422145769
182,13135.639445494391
