ids,distances
180,12108.938762349077
181,13037.337304251407
182,12199.577554129803
