ids,lifetime
92,264.44100000000003
97,266.245
94,275.424
93,285.83
91,286.193
98,288.688
90,290.71500000000003
96,292.219
95,491.09000000000003
99,1119.108
