ids,distances
180,13001.385965410065
181,12993.56240831377
182,12766.357482523545
