ids,distances
345,15663.452949263552
346,441.0117992659864
347,6344.579230386535
348,463.5670792325433
349,10.416660324626465
350,60.0
351,6.0
352,1278.5363934121356
353,111.04390648178006
354,182.22943866896293
