ids,distances
345,1404.0769783689036
346,234.45630151563972
347,271.4731497708091
348,1337.6326327781233
349,1047.9532660561877
350,1663.2701816860033
351,1462.4450593448082
352,756.0134502932879
353,111.02195324089003
354,819.2976509007852
