ids,lifetime
345,-1.782776560101E9
351,1.274
349,1.928
350,9.368
353,18.045
354,24.958000000000002
346,34.342
348,36.486000000000004
352,38.084
347,50.845
