ids,distances
180,12845.759583764164
181,12941.548870341641
182,13131.677138662879
