ids,distances
345,348.7157127537
346,799.1357492780928
347,8174.820477802831
348,874.7157551533408
349,401.6442166298182
350,7204.636600630847
351,1968.4794467667598
352,242.38242927482108
353,744.0640651748337
354,7155.334825951049
