ids,lifetime
352,56.89
345,74.59100000000001
349,98.188
348,104.45400000000001
353,104.654
346,111.049
351,120.309
350,140.55100000000002
354,142.437
347,142.949
