ids,distances
180,12358.02368942682
181,12407.375194594511
182,12927.314016530549
