ids,distances
180,12852.002030939055
181,12253.298005992427
182,11914.021597349014
